<?xml version="1.0" encoding="UTF-8"?>
<doc>
	<Identification>
		<Version Value="3.2.3.0"/>
	</Identification>
	<Properties>
		<Property Name="projectFile" Value="HMBOT.psc"/>
		<Property Name="projectVersion" Value="1.0"/>
		<Property Name="projectName" Value="HMBOT - Susê,sop,"/>
		<Property Name="archiveFile" Value="archive_HMBOT - Susê,sop,_1.0_04102017_165307.zip"/>
	</Properties>
	<UpdatePackages>
	</UpdatePackages>
	<KeyNames Value="" Type="32771"/>
	<KeyContent Value="" Type="32771"/>
	<KeyProps Value="f202bd2b85f09ee3ef895f149a108c3e" Type="32771"/>
</doc>
