<?xml version="1.0" encoding="UTF-8"?>
<doc>
	<Identification>
		<Version Value="3.2.3.0"/>
	</Identification>
	<Properties>
		<Property Name="projectFile" Value="HMBOT.psc"/>
		<Property Name="projectVersion" Value="1.01"/>
		<Property Name="projectName" Value="HMBOT"/>
		<Property Name="archiveFile" Value="archive_HMBOT_1.01_22092017_121307.zip"/>
	</Properties>
	<UpdatePackages>
	</UpdatePackages>
	<KeyNames Value="" Type="32771"/>
	<KeyContent Value="" Type="32771"/>
	<KeyProps Value="aeaf988d70da44bef0cc4118c1725cf9" Type="32771"/>
</doc>
