<?xml version="1.0" encoding="UTF-8"?>
<doc>
	<Identification>
		<Version Value="3.2.3.0"/>
	</Identification>
	<Properties>
		<Property Name="projectFile" Value="HMBOT.psc"/>
		<Property Name="projectVersion" Value="1.0"/>
		<Property Name="projectName" Value="HMBOT - Susê,sop,"/>
		<Property Name="archiveFile" Value="archive_HMBOT - Susê,sop,_1.0_10102017_110319.zip"/>
	</Properties>
	<UpdatePackages>
	</UpdatePackages>
	<KeyNames Value="" Type="32771"/>
	<KeyContent Value="" Type="32771"/>
	<KeyProps Value="1591a79b0b20c837215342d3eece7161" Type="32771"/>
</doc>
